--
-- The Archetype is configured with "hibernate.hbm2ddl.auto" value="create-drop" in "persistence.xml".
--
-- This will cause hibernate to populate the database when the application is started by processing the files that
-- were configured in the hibernate.hbm2ddl.import_files property.
--
-- This file is responsible for loading the BLC out-of-box Admin users.   You need at least one
-- admin setup in the system in order to use the BLC admin.   You can use this file initially and
-- then setup your own admin users, but you should always disable these default accounts in a real,
-- production system.
--

--
-- Sample admin users
--
INSERT INTO BLC_ADMIN_USER (ADMIN_USER_ID, EMAIL, LOGIN, NAME, PASSWORD, ACTIVE_STATUS_FLAG) VALUES (-1,'admin@yourdomain.com','admin','Administrator','admin', true);
INSERT INTO BLC_ADMIN_USER (ADMIN_USER_ID, EMAIL, LOGIN, NAME, PASSWORD, ACTIVE_STATUS_FLAG) VALUES (-2,'merchandise@yourdomain.com','merchandise','Merchandise Manager','admin', true);
INSERT INTO BLC_ADMIN_USER (ADMIN_USER_ID, EMAIL, LOGIN, NAME, PASSWORD, ACTIVE_STATUS_FLAG) VALUES (-3,'promo@yourdomain.com','promo','Promotion Manager','admin', true);
INSERT INTO BLC_ADMIN_USER (ADMIN_USER_ID, EMAIL, LOGIN, NAME, PASSWORD, ACTIVE_STATUS_FLAG) VALUES (-4,'csr@yourdomain.com','csr','CSR','admin', true);
INSERT INTO BLC_ADMIN_USER (ADMIN_USER_ID, EMAIL, LOGIN, NAME, PASSWORD, ACTIVE_STATUS_FLAG) VALUES (-5,'cms_edit@yourdomain.com','cmsEditor','CMS Editor','admin', true);
INSERT INTO BLC_ADMIN_USER (ADMIN_USER_ID, EMAIL, LOGIN, NAME, PASSWORD, ACTIVE_STATUS_FLAG) VALUES (-6,'cms_approver@yourdomain.com','cmsApprover','CMS Approver','admin', true);

--
-- Roles for sample admin users.
--
INSERT INTO BLC_ADMIN_USER_ROLE_XREF (ADMIN_ROLE_ID, ADMIN_USER_ID) VALUES (-1,-1);
INSERT INTO BLC_ADMIN_USER_ROLE_XREF (ADMIN_ROLE_ID, ADMIN_USER_ID) VALUES (-2,-2);
INSERT INTO BLC_ADMIN_USER_ROLE_XREF (ADMIN_ROLE_ID, ADMIN_USER_ID) VALUES (-3,-3);
INSERT INTO BLC_ADMIN_USER_ROLE_XREF (ADMIN_ROLE_ID, ADMIN_USER_ID) VALUES (-4,-4);
INSERT INTO BLC_ADMIN_USER_ROLE_XREF (ADMIN_ROLE_ID, ADMIN_USER_ID) VALUES (-5,-5);
INSERT INTO BLC_ADMIN_USER_ROLE_XREF (ADMIN_ROLE_ID, ADMIN_USER_ID) VALUES (-6,-6);

----
---- AR: Inventory Start
----
--INSERT INTO BLC_ADMIN_PERMISSION (ADMIN_PERMISSION_ID, DESCRIPTION, NAME, PERMISSION_TYPE) VALUES (69,'Create FulfillmentLocation','PERMISSION_CREATE_FULFILLMENT_LOCATION', 'CREATE');
--INSERT INTO BLC_ADMIN_PERMISSION (ADMIN_PERMISSION_ID, DESCRIPTION, NAME, PERMISSION_TYPE) VALUES (70,'Update FulfillmentLocation','PERMISSION_UPDATE_FULFILLMENT_LOCATION', 'UPDATE');
--INSERT INTO BLC_ADMIN_PERMISSION (ADMIN_PERMISSION_ID, DESCRIPTION, NAME, PERMISSION_TYPE) VALUES (71,'Delete FulfillmentLocation','PERMISSION_DELETE_FULFILLMENT_LOCATION', 'DELETE');
--INSERT INTO BLC_ADMIN_PERMISSION (ADMIN_PERMISSION_ID, DESCRIPTION, NAME, PERMISSION_TYPE) VALUES (72,'Read FulfillmentLocation','PERMISSION_READ_FULFILLMENT_LOCATION', 'READ');
--INSERT INTO BLC_ADMIN_PERMISSION (ADMIN_PERMISSION_ID, DESCRIPTION, NAME, PERMISSION_TYPE) VALUES (73,'All FulfillmentLocation','PERMISSION_ALL_FULFILLMENT_LOCATION','ALL');
--INSERT INTO BLC_ADMIN_PERMISSION (ADMIN_PERMISSION_ID, DESCRIPTION, NAME, PERMISSION_TYPE) VALUES (74,'Create Inventory','PERMISSION_CREATE_INVENTORY', 'CREATE');
--INSERT INTO BLC_ADMIN_PERMISSION (ADMIN_PERMISSION_ID, DESCRIPTION, NAME, PERMISSION_TYPE) VALUES (75,'Update Inventory','PERMISSION_UPDATE_INVENTORY', 'UPDATE');
--INSERT INTO BLC_ADMIN_PERMISSION (ADMIN_PERMISSION_ID, DESCRIPTION, NAME, PERMISSION_TYPE) VALUES (76,'Delete Inventory','PERMISSION_DELETE_INVENTORY', 'DELETE');
--INSERT INTO BLC_ADMIN_PERMISSION (ADMIN_PERMISSION_ID, DESCRIPTION, NAME, PERMISSION_TYPE) VALUES (77,'Read Inventory','PERMISSION_READ_INVENTORY', 'READ');
--INSERT INTO BLC_ADMIN_PERMISSION (ADMIN_PERMISSION_ID, DESCRIPTION, NAME, PERMISSION_TYPE) VALUES (78,'All Inventory','PERMISSION_ALL_INVENTORY','ALL');
--
--INSERT INTO BLC_ADMIN_PERMISSION_ENTITY (ADMIN_PERMISSION_ENTITY_ID, CEILING_ENTITY, ADMIN_PERMISSION_ID) VALUES (230, 'org.broadleafcommerce.core.inventory.domain.FulfillmentLocation', 64);
--INSERT INTO BLC_ADMIN_PERMISSION_ENTITY (ADMIN_PERMISSION_ENTITY_ID, CEILING_ENTITY, ADMIN_PERMISSION_ID) VALUES (231, 'org.broadleafcommerce.core.inventory.domain.FulfillmentLocation', 65);
--INSERT INTO BLC_ADMIN_PERMISSION_ENTITY (ADMIN_PERMISSION_ENTITY_ID, CEILING_ENTITY, ADMIN_PERMISSION_ID) VALUES (232, 'org.broadleafcommerce.core.inventory.domain.FulfillmentLocation', 66);
--INSERT INTO BLC_ADMIN_PERMISSION_ENTITY (ADMIN_PERMISSION_ENTITY_ID, CEILING_ENTITY, ADMIN_PERMISSION_ID) VALUES (233, 'org.broadleafcommerce.core.inventory.domain.FulfillmentLocation', 67);
--INSERT INTO BLC_ADMIN_PERMISSION_ENTITY (ADMIN_PERMISSION_ENTITY_ID, CEILING_ENTITY, ADMIN_PERMISSION_ID) VALUES (234, 'org.broadleafcommerce.core.inventory.domain.FulfillmentLocation', 68);
--INSERT INTO BLC_ADMIN_PERMISSION_ENTITY (ADMIN_PERMISSION_ENTITY_ID, CEILING_ENTITY, ADMIN_PERMISSION_ID) VALUES (235, 'org.broadleafcommerce.core.inventory.domain.Inventory', 69);
--INSERT INTO BLC_ADMIN_PERMISSION_ENTITY (ADMIN_PERMISSION_ENTITY_ID, CEILING_ENTITY, ADMIN_PERMISSION_ID) VALUES (236, 'org.broadleafcommerce.core.inventory.domain.Inventory', 70);
--INSERT INTO BLC_ADMIN_PERMISSION_ENTITY (ADMIN_PERMISSION_ENTITY_ID, CEILING_ENTITY, ADMIN_PERMISSION_ID) VALUES (237, 'org.broadleafcommerce.core.inventory.domain.Inventory', 71);
--INSERT INTO BLC_ADMIN_PERMISSION_ENTITY (ADMIN_PERMISSION_ENTITY_ID, CEILING_ENTITY, ADMIN_PERMISSION_ID) VALUES (238, 'org.broadleafcommerce.core.inventory.domain.Inventory', 72);
--INSERT INTO BLC_ADMIN_PERMISSION_ENTITY (ADMIN_PERMISSION_ENTITY_ID, CEILING_ENTITY, ADMIN_PERMISSION_ID) VALUES (239, 'org.broadleafcommerce.core.inventory.domain.Inventory', 73);
--
---- ensure that super user and catalog maintainer can modify inventory
--INSERT INTO BLC_ADMIN_ROLE_PERMISSION_XREF (ADMIN_ROLE_ID, ADMIN_PERMISSION_ID) VALUES (1,73);
--INSERT INTO BLC_ADMIN_ROLE_PERMISSION_XREF (ADMIN_ROLE_ID, ADMIN_PERMISSION_ID) VALUES (2,73);
--INSERT INTO BLC_ADMIN_ROLE_PERMISSION_XREF (ADMIN_ROLE_ID, ADMIN_PERMISSION_ID) VALUES (1,78);
--INSERT INTO BLC_ADMIN_ROLE_PERMISSION_XREF (ADMIN_ROLE_ID, ADMIN_PERMISSION_ID) VALUES (2,78);
--
---- tell the admin it needs to load this section also and associate permissions
--INSERT INTO BLC_ADMIN_SECTION (ADMIN_SECTION_ID, ADMIN_MODULE_ID, NAME, SECTION_KEY, URL, USE_DEFAULT_HANDLER) VALUES (15, 1, 'Inventory', 'Inventory', '/inventory', TRUE);
--INSERT INTO BLC_ADMIN_SECTION_PERMISSION_XREF (ADMIN_SECTION_ID, ADMIN_PERMISSION_ID) VALUES (15,74);
--INSERT INTO BLC_ADMIN_SECTION_PERMISSION_XREF (ADMIN_SECTION_ID, ADMIN_PERMISSION_ID) VALUES (15,75);
--INSERT INTO BLC_ADMIN_SECTION_PERMISSION_XREF (ADMIN_SECTION_ID, ADMIN_PERMISSION_ID) VALUES (15,76);
--INSERT INTO BLC_ADMIN_SECTION_PERMISSION_XREF (ADMIN_SECTION_ID, ADMIN_PERMISSION_ID) VALUES (15,77);
----
---- AR: Inventory End
----